time_s,commanded_deg,actual_deg,velocity_deg_s,speed_erpm,current_amps,temp_c,error_code,duty,loop,label
0.019,0.0,0.00,0.00,0,0.270,34,0,0.0000,1/5,[1/5] home — arm hanging straight down
0.079,0.0,0.00,0.00,0,0.230,34,0,0.0000,1/5,[1/5] home — arm hanging straight down
0.139,0.0,0.00,0.00,0,0.250,34,0,0.0000,1/5,[1/5] home — arm hanging straight down
0.199,0.0,0.00,0.00,0,0.200,34,0,0.0000,1/5,[1/5] home — arm hanging straight down
0.259,0.0,0.00,0.00,0,0.260,34,0,0.0000,1/5,[1/5] home — arm hanging straight down
0.319,0.0,0.00,0.00,0,0.280,34,0,0.0000,1/5,[1/5] home — arm hanging straight down
0.379,0.0,0.00,0.00,0,0.290,34,0,0.0000,1/5,[1/5] home — arm hanging straight down
0.439,0.0,0.00,0.00,0,0.240,34,0,0.0000,1/5,[1/5] home — arm hanging straight down
0.499,0.0,0.00,0.00,0,0.260,34,0,0.0000,1/5,[1/5] home — arm hanging straight down
0.559,0.0,0.00,0.00,0,0.180,34,0,0.0000,1/5,[1/5] home — arm hanging straight down
0.619,0.0,0.00,0.00,0,0.210,34,0,0.0000,1/5,[1/5] home — arm hanging straight down
0.679,0.0,0.00,0.00,0,0.220,34,0,0.0000,1/5,[1/5] home — arm hanging straight down
0.739,0.0,0.00,0.00,0,0.200,34,0,0.0000,1/5,[1/5] home — arm hanging straight down
0.799,0.0,0.00,0.00,0,0.220,34,0,0.0000,1/5,[1/5] home — arm hanging straight down
0.859,0.0,0.00,0.00,0,0.290,34,0,0.0000,1/5,[1/5] home — arm hanging straight down
0.919,0.0,0.00,0.00,0,0.280,34,0,0.0000,1/5,[1/5] home — arm hanging straight down
0.979,0.0,0.00,0.00,0,0.200,34,0,0.0000,1/5,[1/5] home — arm hanging straight down
1.039,0.0,0.00,0.00,0,0.270,34,0,0.0000,1/5,[1/5] home — arm hanging straight down
1.099,0.0,0.00,0.00,0,0.330,34,0,0.0000,1/5,[1/5] home — arm hanging straight down
1.159,0.0,0.00,0.00,0,0.270,34,0,0.0000,1/5,[1/5] home — arm hanging straight down
1.219,0.0,0.00,0.00,0,0.260,34,0,0.0000,1/5,[1/5] home — arm hanging straight down
1.279,0.0,0.00,0.00,0,0.240,34,0,0.0000,1/5,[1/5] home — arm hanging straight down
1.339,0.0,0.00,0.00,0,0.270,34,0,0.0000,1/5,[1/5] home — arm hanging straight down
1.399,0.0,0.00,0.00,0,0.220,34,0,0.0000,1/5,[1/5] home — arm hanging straight down
1.459,0.0,0.00,0.00,0,0.310,34,0,0.0000,1/5,[1/5] home — arm hanging straight down
1.519,0.0,0.00,0.00,0,0.250,34,0,0.0000,1/5,[1/5] home — arm hanging straight down
1.559,90.0,0.00,0.00,0,0.220,34,0,0.1500,1/5,[1/5] arm horizontal (parallel to ground)
1.619,90.0,10.10,180.14,2500,0.170,34,0,0.1500,1/5,[1/5] arm horizontal (parallel to ground)
1.679,90.0,20.70,174.85,2480,0.360,34,0,0.1500,1/5,[1/5] arm horizontal (parallel to ground)
1.739,90.0,31.40,174.65,2470,0.250,34,0,0.1500,1/5,[1/5] arm horizontal (parallel to ground)
1.799,90.0,42.00,175.31,2470,0.330,34,0,0.1500,1/5,[1/5] arm horizontal (parallel to ground)
1.859,90.0,52.10,159.24,2200,0.380,34,0,0.1202,1/5,[1/5] arm horizontal (parallel to ground)
1.919,90.0,60.40,129.99,1770,0.500,34,0,0.0973,1/5,[1/5] arm horizontal (parallel to ground)
1.979,90.0,66.90,97.57,1400,-0.020,34,0,0.0823,1/5,[1/5] arm horizontal (parallel to ground)
2.039,90.0,72.10,80.37,1110,0.470,34,0,0.0676,1/5,[1/5] arm horizontal (parallel to ground)
2.099,90.0,76.30,64.88,870,0.330,34,0,0.0561,1/5,[1/5] arm horizontal (parallel to ground)
2.159,90.0,79.60,55.04,730,0.030,34,0,0.0464,1/5,[1/5] arm horizontal (parallel to ground)
2.219,90.0,82.20,40.01,550,0.450,34,0,0.0410,1/5,[1/5] arm horizontal (parallel to ground)
2.279,90.0,84.30,30.04,460,0.140,34,0,0.0358,1/5,[1/5] arm horizontal (parallel to ground)
2.339,90.0,86.00,30.00,380,0.560,34,0,0.0293,1/5,[1/5] arm horizontal (parallel to ground)
2.399,90.0,87.20,15.00,240,0.120,34,0,0.0291,1/5,[1/5] arm horizontal (parallel to ground)
2.459,90.0,88.40,20.03,230,0.080,34,0,0.0000,1/5,[1/5] arm horizontal (parallel to ground)
2.519,90.0,88.40,0.00,0,-0.130,34,0,0.0000,1/5,[1/5] arm horizontal (parallel to ground)
2.579,90.0,88.40,0.00,0,-0.130,34,0,0.0000,1/5,[1/5] arm horizontal (parallel to ground)
2.639,90.0,88.40,0.00,0,-0.160,34,0,0.0000,1/5,[1/5] arm horizontal (parallel to ground)
2.699,90.0,88.40,0.00,0,-0.140,34,0,0.0000,1/5,[1/5] arm horizontal (parallel to ground)
2.759,90.0,88.40,0.00,0,-0.170,34,0,0.0000,1/5,[1/5] arm horizontal (parallel to ground)
2.819,90.0,88.40,0.00,0,-0.160,34,0,0.0000,1/5,[1/5] arm horizontal (parallel to ground)
2.879,90.0,88.40,0.00,0,-0.150,34,0,0.0000,1/5,[1/5] arm horizontal (parallel to ground)
2.939,90.0,88.40,0.00,0,-0.180,34,0,0.0000,1/5,[1/5] arm horizontal (parallel to ground)
2.999,90.0,88.40,0.00,0,-0.200,34,0,0.0000,1/5,[1/5] arm horizontal (parallel to ground)
3.059,90.0,88.40,0.00,0,-0.120,34,0,0.0000,1/5,[1/5] arm horizontal (parallel to ground)
3.119,90.0,88.40,0.00,0,-0.160,34,0,0.0000,1/5,[1/5] arm horizontal (parallel to ground)
3.179,90.0,88.40,0.00,0,-0.130,34,0,0.0000,1/5,[1/5] arm horizontal (parallel to ground)
3.239,90.0,88.40,0.00,0,-0.160,34,0,0.0000,1/5,[1/5] arm horizontal (parallel to ground)
3.299,90.0,88.40,0.00,0,-0.160,34,0,0.0000,1/5,[1/5] arm horizontal (parallel to ground)
3.359,90.0,88.40,0.00,0,-0.140,34,0,0.0000,1/5,[1/5] arm horizontal (parallel to ground)
3.419,90.0,88.40,0.00,0,-0.180,34,0,0.0000,1/5,[1/5] arm horizontal (parallel to ground)
3.479,90.0,88.40,0.00,0,-0.140,34,0,0.0000,1/5,[1/5] arm horizontal (parallel to ground)
3.539,90.0,88.40,0.00,0,-0.150,34,0,0.0000,1/5,[1/5] arm horizontal (parallel to ground)
3.599,90.0,88.40,0.00,0,-0.190,34,0,0.0000,1/5,[1/5] arm horizontal (parallel to ground)
3.659,90.0,88.40,0.00,0,-0.190,34,0,0.0000,1/5,[1/5] arm horizontal (parallel to ground)
3.719,90.0,88.40,0.00,0,-0.130,34,0,0.0000,1/5,[1/5] arm horizontal (parallel to ground)
3.779,90.0,88.40,0.00,0,-0.130,34,0,0.0000,1/5,[1/5] arm horizontal (parallel to ground)
3.839,90.0,88.40,0.00,0,-0.150,34,0,0.0000,1/5,[1/5] arm horizontal (parallel to ground)
3.899,90.0,88.40,0.00,0,-0.170,34,0,0.0000,1/5,[1/5] arm horizontal (parallel to ground)
3.959,90.0,88.40,0.00,0,-0.170,34,0,0.0000,1/5,[1/5] arm horizontal (parallel to ground)
3.979,120.0,88.40,0.00,0,-0.140,34,0,0.1269,1/5,[1/5] 30° above horizontal
4.040,120.0,94.60,77.04,1150,0.530,34,0,0.0803,1/5,[1/5] 30° above horizontal
4.099,120.0,99.20,68.88,1010,0.470,34,0,0.0654,1/5,[1/5] 30° above horizontal
4.159,120.0,103.00,55.33,800,0.570,34,0,0.0551,1/5,[1/5] 30° above horizontal
4.219,120.0,106.10,44.97,650,0.260,34,0,0.0466,1/5,[1/5] 30° above horizontal
4.279,120.0,108.60,35.75,530,0.030,34,0,0.0399,1/5,[1/5] 30° above horizontal
4.339,120.0,110.70,30.00,430,0.460,34,0,0.0337,1/5,[1/5] 30° above horizontal
4.399,120.0,112.50,25.00,320,0.220,34,0,0.0284,1/5,[1/5] 30° above horizontal
4.459,120.0,113.90,25.44,340,-0.050,34,0,0.0230,1/5,[1/5] 30° above horizontal
4.519,120.0,115.00,15.01,210,0.420,34,0,0.0220,1/5,[1/5] 30° above horizontal
4.579,120.0,116.00,20.01,230,0.370,34,0,0.0167,1/5,[1/5] 30° above horizontal
4.639,120.0,116.70,10.00,160,0.250,34,0,0.0171,1/5,[1/5] 30° above horizontal
4.699,120.0,117.20,5.00,70,0.170,34,0,0.0167,1/5,[1/5] 30° above horizontal
4.759,120.0,117.80,10.01,150,-0.070,34,0,0.0150,1/5,[1/5] 30° above horizontal
4.819,120.0,118.20,0.00,0,-0.190,34,0,0.0000,1/5,[1/5] 30° above horizontal
4.879,120.0,118.20,0.00,0,-0.150,34,0,0.0000,1/5,[1/5] 30° above horizontal
4.939,120.0,118.20,0.00,0,-0.200,34,0,0.0000,1/5,[1/5] 30° above horizontal
4.999,120.0,118.20,0.00,0,-0.170,34,0,0.0000,1/5,[1/5] 30° above horizontal
5.059,120.0,118.20,0.00,0,-0.200,34,0,0.0000,1/5,[1/5] 30° above horizontal
5.119,120.0,118.20,0.00,0,-0.190,34,0,0.0000,1/5,[1/5] 30° above horizontal
5.179,120.0,118.20,0.00,0,-0.200,34,0,0.0000,1/5,[1/5] 30° above horizontal
5.239,120.0,118.20,0.00,0,-0.190,34,0,0.0000,1/5,[1/5] 30° above horizontal
5.299,120.0,118.20,0.00,0,-0.180,34,0,0.0000,1/5,[1/5] 30° above horizontal
5.359,120.0,118.20,0.00,0,-0.230,34,0,0.0000,1/5,[1/5] 30° above horizontal
5.419,120.0,118.20,0.00,0,-0.170,34,0,0.0000,1/5,[1/5] 30° above horizontal
5.479,120.0,118.20,0.00,0,-0.230,34,0,0.0000,1/5,[1/5] 30° above horizontal
5.539,120.0,118.20,0.00,0,-0.210,34,0,0.0000,1/5,[1/5] 30° above horizontal
5.599,120.0,118.20,0.00,0,-0.160,34,0,0.0000,1/5,[1/5] 30° above horizontal
5.659,120.0,118.20,0.00,0,-0.200,34,0,0.0000,1/5,[1/5] 30° above horizontal
5.719,120.0,118.20,0.00,0,-0.260,34,0,0.0000,1/5,[1/5] 30° above horizontal
5.779,120.0,118.20,0.00,0,-0.160,34,0,0.0000,1/5,[1/5] 30° above horizontal
5.839,120.0,118.20,0.00,0,-0.220,34,0,0.0000,1/5,[1/5] 30° above horizontal
5.899,120.0,118.20,0.00,0,-0.190,34,0,0.0000,1/5,[1/5] 30° above horizontal
5.959,120.0,118.20,0.00,0,-0.310,34,0,0.0000,1/5,[1/5] 30° above horizontal
6.019,120.0,118.20,0.00,0,-0.170,34,0,0.0000,1/5,[1/5] 30° above horizontal
6.079,120.0,118.20,0.00,0,-0.190,34,0,0.0000,1/5,[1/5] 30° above horizontal
6.139,120.0,118.20,0.00,0,-0.180,34,0,0.0000,1/5,[1/5] 30° above horizontal
6.199,120.0,118.20,0.00,0,-0.250,34,0,0.0000,1/5,[1/5] 30° above horizontal
6.259,120.0,118.20,0.00,0,-0.200,34,0,0.0000,1/5,[1/5] 30° above horizontal
6.319,120.0,118.20,0.00,0,-0.190,34,0,0.0000,1/5,[1/5] 30° above horizontal
6.339,80.0,118.20,0.00,0,-0.170,34,0,-0.1500,1/5,[1/5] 40° drop from peak
6.399,80.0,110.50,-104.69,-1440,0.240,34,0,-0.0928,1/5,[1/5] 40° drop from peak
6.459,80.0,104.80,-89.94,-1220,0.630,34,0,-0.0757,1/5,[1/5] 40° drop from peak
6.519,80.0,100.20,-69.89,-970,0.500,34,0,-0.0643,1/5,[1/5] 40° drop from peak
6.579,80.0,96.40,-59.99,-830,0.520,34,0,-0.0530,1/5,[1/5] 40° drop from peak
6.639,80.0,93.30,-49.93,-660,0.180,34,0,-0.0443,1/5,[1/5] 40° drop from peak
6.699,80.0,90.80,-39.91,-550,0.120,34,0,-0.0378,1/5,[1/5] 40° drop from peak
6.759,80.0,88.70,-30.00,-440,0.330,34,0,-0.0328,1/5,[1/5] 40° drop from peak
6.819,80.0,87.00,-24.72,-360,0.270,34,0,-0.0280,1/5,[1/5] 40° drop from peak
6.879,80.0,85.60,-19.85,-260,-0.010,34,0,-0.0241,1/5,[1/5] 40° drop from peak
6.939,80.0,84.50,-19.75,-280,0.210,34,0,-0.0200,1/5,[1/5] 40° drop from peak
6.999,80.0,83.60,-10.01,-150,0.550,34,0,-0.0195,1/5,[1/5] 40° drop from peak
7.059,80.0,83.00,-9.93,-140,0.520,34,0,-0.0173,1/5,[1/5] 40° drop from peak
7.119,80.0,82.30,-10.06,-120,0.150,34,0,-0.0150,1/5,[1/5] 40° drop from peak
7.179,80.0,81.80,0.00,0,0.180,34,0,0.0000,1/5,[1/5] 40° drop from peak
7.239,80.0,81.80,0.00,0,0.240,34,0,0.0000,1/5,[1/5] 40° drop from peak
7.299,80.0,81.80,0.00,0,0.160,34,0,0.0000,1/5,[1/5] 40° drop from peak
7.359,80.0,81.80,0.00,0,0.170,34,0,0.0000,1/5,[1/5] 40° drop from peak
7.419,80.0,81.80,0.00,0,0.220,34,0,0.0000,1/5,[1/5] 40° drop from peak
7.479,80.0,81.80,0.00,0,0.180,34,0,0.0000,1/5,[1/5] 40° drop from peak
7.539,80.0,81.80,0.00,0,0.230,34,0,0.0000,1/5,[1/5] 40° drop from peak
7.599,80.0,81.80,0.00,0,0.190,34,0,0.0000,1/5,[1/5] 40° drop from peak
7.659,80.0,81.80,0.00,0,0.190,34,0,0.0000,1/5,[1/5] 40° drop from peak
7.719,80.0,81.80,0.00,0,0.170,34,0,0.0000,1/5,[1/5] 40° drop from peak
7.779,80.0,81.80,0.00,0,0.170,34,0,0.0000,1/5,[1/5] 40° drop from peak
7.839,80.0,81.80,0.00,0,0.210,34,0,0.0000,1/5,[1/5] 40° drop from peak
7.899,80.0,81.80,0.00,0,0.220,34,0,0.0000,1/5,[1/5] 40° drop from peak
7.959,80.0,81.80,0.00,0,0.220,34,0,0.0000,1/5,[1/5] 40° drop from peak
8.019,80.0,81.80,0.00,0,0.230,34,0,0.0000,1/5,[1/5] 40° drop from peak
8.079,80.0,81.80,0.00,0,0.200,34,0,0.0000,1/5,[1/5] 40° drop from peak
8.139,80.0,81.80,0.00,0,0.200,34,0,0.0000,1/5,[1/5] 40° drop from peak
8.199,80.0,81.80,0.00,0,0.180,34,0,0.0000,1/5,[1/5] 40° drop from peak
8.259,80.0,81.80,0.00,0,0.240,34,0,0.0000,1/5,[1/5] 40° drop from peak
8.319,80.0,81.80,0.00,0,0.160,34,0,0.0000,1/5,[1/5] 40° drop from peak
8.379,80.0,81.80,0.00,0,0.220,34,0,0.0000,1/5,[1/5] 40° drop from peak
8.439,80.0,81.80,0.00,0,0.200,34,0,0.0000,1/5,[1/5] 40° drop from peak
8.499,80.0,81.80,0.00,0,0.210,34,0,0.0000,1/5,[1/5] 40° drop from peak
8.559,80.0,81.80,0.00,0,0.220,34,0,0.0000,1/5,[1/5] 40° drop from peak
8.619,80.0,81.80,0.00,0,0.190,34,0,0.0000,1/5,[1/5] 40° drop from peak
8.679,0.0,81.80,0.00,0,0.260,34,0,-0.1500,1/5,[1/5] return home
8.739,0.0,71.80,-180.88,-2490,0.190,34,0,-0.1500,1/5,[1/5] return home
8.799,0.0,61.20,-175.75,-2470,0.380,34,0,-0.1500,1/5,[1/5] return home
8.859,0.0,50.60,-175.09,-2460,0.230,34,0,-0.1500,1/5,[1/5] return home
8.919,0.0,40.40,-159.87,-2230,0.490,34,0,-0.1264,1/5,[1/5] return home
8.979,0.0,31.90,-137.81,-1820,0.590,34,0,-0.1006,1/5,[1/5] return home
9.039,0.0,25.10,-104.96,-1460,0.060,34,0,-0.0846,1/5,[1/5] return home
9.099,0.0,19.60,-85.00,-1170,0.410,34,0,-0.0696,1/5,[1/5] return home
9.159,0.0,15.20,-70.05,-930,0.480,34,0,-0.0573,1/5,[1/5] return home
9.219,0.0,11.80,-50.07,-740,0.170,34,0,-0.0503,1/5,[1/5] return home
9.279,0.0,9.00,-40.01,-610,0.030,34,0,-0.0426,1/5,[1/5] return home
9.339,0.0,6.70,-35.00,-490,0.520,34,0,-0.0353,1/5,[1/5] return home
9.399,0.0,5.00,-30.02,-420,0.070,34,0,-0.0302,1/5,[1/5] return home
9.459,0.0,3.60,-20.01,-270,0.170,34,0,-0.0278,1/5,[1/5] return home
9.519,0.0,2.40,-20.00,-240,0.600,34,0,-0.0232,1/5,[1/5] return home
9.579,0.0,1.70,-5.00,30,-0.350,34,0,0.0000,1/5,[1/5] return home
9.639,0.0,1.80,0.00,0,-0.180,34,0,0.0000,1/5,[1/5] return home
9.699,0.0,1.80,0.00,0,-0.170,34,0,0.0000,1/5,[1/5] return home
9.759,0.0,1.80,0.00,0,-0.260,34,0,0.0000,1/5,[1/5] return home
9.819,0.0,1.80,0.00,0,-0.210,34,0,0.0000,1/5,[1/5] return home
9.879,0.0,1.80,0.00,0,-0.170,34,0,0.0000,1/5,[1/5] return home
9.939,0.0,1.80,0.00,0,-0.190,34,0,0.0000,1/5,[1/5] return home
9.999,0.0,1.80,0.00,0,-0.230,34,0,0.0000,1/5,[1/5] return home
10.059,0.0,1.80,0.00,0,-0.230,34,0,0.0000,1/5,[1/5] return home
10.119,0.0,1.80,0.00,0,-0.200,34,0,0.0000,1/5,[1/5] return home
10.179,0.0,1.80,0.00,0,-0.190,34,0,0.0000,1/5,[1/5] return home
10.239,0.0,1.80,0.00,0,-0.200,34,0,0.0000,1/5,[1/5] return home
10.299,0.0,1.80,0.00,0,-0.240,34,0,0.0000,1/5,[1/5] return home
10.359,0.0,1.80,0.00,0,-0.190,34,0,0.0000,1/5,[1/5] return home
10.419,0.0,1.80,0.00,0,-0.210,34,0,0.0000,1/5,[1/5] return home
10.479,0.0,1.80,0.00,0,-0.280,34,0,0.0000,1/5,[1/5] return home
10.539,0.0,1.80,0.00,0,-0.200,34,0,0.0000,1/5,[1/5] return home
10.599,0.0,1.80,0.00,0,-0.250,34,0,0.0000,1/5,[1/5] return home
10.659,0.0,1.80,0.00,0,-0.190,34,0,0.0000,1/5,[1/5] return home
10.719,0.0,1.80,0.00,0,-0.190,34,0,0.0000,1/5,[1/5] return home
10.779,0.0,1.80,0.00,0,-0.220,34,0,0.0000,1/5,[1/5] return home
10.839,0.0,1.80,0.00,0,-0.260,34,0,0.0000,1/5,[1/5] return home
10.899,0.0,1.80,0.00,0,-0.220,34,0,0.0000,1/5,[1/5] return home
10.959,0.0,1.80,0.00,0,-0.190,34,0,0.0000,1/5,[1/5] return home
11.019,0.0,1.80,0.00,0,-0.200,34,0,0.0000,1/5,[1/5] return home
11.079,0.0,1.80,0.00,0,-0.230,34,0,0.0000,2/5,[2/5] home — arm hanging straight down
11.139,0.0,1.80,0.00,0,-0.160,34,0,0.0000,2/5,[2/5] home — arm hanging straight down
11.199,0.0,1.80,0.00,0,-0.190,34,0,0.0000,2/5,[2/5] home — arm hanging straight down
11.259,0.0,1.80,0.00,0,-0.190,34,0,0.0000,2/5,[2/5] home — arm hanging straight down
11.319,0.0,1.80,0.00,0,-0.270,34,0,0.0000,2/5,[2/5] home — arm hanging straight down
11.379,0.0,1.80,0.00,0,-0.240,34,0,0.0000,2/5,[2/5] home — arm hanging straight down
11.439,0.0,1.80,0.00,0,-0.200,34,0,0.0000,2/5,[2/5] home — arm hanging straight down
11.499,0.0,1.80,0.00,0,-0.210,34,0,0.0000,2/5,[2/5] home — arm hanging straight down
11.559,0.0,1.80,0.00,0,-0.230,34,0,0.0000,2/5,[2/5] home — arm hanging straight down
11.619,0.0,1.80,0.00,0,-0.260,34,0,0.0000,2/5,[2/5] home — arm hanging straight down
11.679,0.0,1.80,0.00,0,-0.190,34,0,0.0000,2/5,[2/5] home — arm hanging straight down
11.739,0.0,1.80,0.00,0,-0.180,34,0,0.0000,2/5,[2/5] home — arm hanging straight down
11.799,0.0,1.80,0.00,0,-0.160,34,0,0.0000,2/5,[2/5] home — arm hanging straight down
11.859,0.0,1.80,0.00,0,-0.190,34,0,0.0000,2/5,[2/5] home — arm hanging straight down
11.919,0.0,1.80,0.00,0,-0.190,34,0,0.0000,2/5,[2/5] home — arm hanging straight down
11.979,0.0,1.80,0.00,0,-0.180,34,0,0.0000,2/5,[2/5] home — arm hanging straight down
12.039,0.0,1.80,0.00,0,-0.210,34,0,0.0000,2/5,[2/5] home — arm hanging straight down
12.099,0.0,1.80,0.00,0,-0.170,34,0,0.0000,2/5,[2/5] home — arm hanging straight down
12.159,0.0,1.80,0.00,0,-0.330,34,0,0.0000,2/5,[2/5] home — arm hanging straight down
12.219,0.0,1.80,0.00,0,-0.180,34,0,0.0000,2/5,[2/5] home — arm hanging straight down
12.279,0.0,1.80,0.00,0,-0.210,34,0,0.0000,2/5,[2/5] home — arm hanging straight down
12.339,0.0,1.80,0.00,0,-0.240,34,0,0.0000,2/5,[2/5] home — arm hanging straight down
12.399,0.0,1.80,0.00,0,-0.170,34,0,0.0000,2/5,[2/5] home — arm hanging straight down
12.459,0.0,1.80,0.00,0,-0.220,34,0,0.0000,2/5,[2/5] home — arm hanging straight down
12.519,0.0,1.80,0.00,0,-0.160,34,0,0.0000,2/5,[2/5] home — arm hanging straight down
12.579,0.0,1.80,0.00,0,-0.310,34,0,0.0000,2/5,[2/5] home — arm hanging straight down
12.599,90.0,1.80,0.00,0,-0.350,34,0,0.1500,2/5,[2/5] arm horizontal (parallel to ground)
12.659,90.0,11.80,175.34,2500,0.230,34,0,0.1500,2/5,[2/5] arm horizontal (parallel to ground)
12.719,90.0,22.50,174.99,2490,0.340,34,0,0.1500,2/5,[2/5] arm horizontal (parallel to ground)
12.779,90.0,33.20,180.07,2470,0.350,34,0,0.1500,2/5,[2/5] arm horizontal (parallel to ground)
12.839,90.0,43.80,180.22,2470,0.430,34,0,0.1448,2/5,[2/5] arm horizontal (parallel to ground)
12.899,90.0,53.60,155.14,2110,-0.150,34,0,0.1150,2/5,[2/5] arm horizontal (parallel to ground)
12.959,90.0,61.50,120.11,1680,0.110,34,0,0.0954,2/5,[2/5] arm horizontal (parallel to ground)
13.019,90.0,67.80,95.15,1310,0.330,34,0,0.0788,2/5,[2/5] arm horizontal (parallel to ground)
13.079,90.0,72.80,80.02,1070,0.520,34,0,0.0643,2/5,[2/5] arm horizontal (parallel to ground)
13.139,90.0,76.80,64.96,850,0.480,34,0,0.0535,2/5,[2/5] arm horizontal (parallel to ground)
13.199,90.0,79.90,49.86,690,0.110,34,0,0.0462,2/5,[2/5] arm horizontal (parallel to ground)
13.259,90.0,82.50,40.06,500,0.340,34,0,0.0391,2/5,[2/5] arm horizontal (parallel to ground)
13.319,90.0,84.50,30.09,410,0.250,34,0,0.0344,2/5,[2/5] arm horizontal (parallel to ground)
13.379,90.0,86.10,30.30,380,0.550,34,0,0.0281,2/5,[2/5] arm horizontal (parallel to ground)
13.439,90.0,87.30,14.94,210,0.140,34,0,0.0281,2/5,[2/5] arm horizontal (parallel to ground)
13.499,90.0,88.30,14.78,230,0.070,34,0,0.0000,2/5,[2/5] arm horizontal (parallel to ground)
13.559,90.0,88.40,0.00,0,-0.170,34,0,0.0000,2/5,[2/5] arm horizontal (parallel to ground)
13.619,90.0,88.40,0.00,0,-0.180,34,0,0.0000,2/5,[2/5] arm horizontal (parallel to ground)
13.679,90.0,88.40,0.00,0,-0.190,34,0,0.0000,2/5,[2/5] arm horizontal (parallel to ground)
13.739,90.0,88.40,0.00,0,-0.130,34,0,0.0000,2/5,[2/5] arm horizontal (parallel to ground)
13.799,90.0,88.40,0.00,0,-0.140,34,0,0.0000,2/5,[2/5] arm horizontal (parallel to ground)
13.859,90.0,88.40,0.00,0,-0.200,34,0,0.0000,2/5,[2/5] arm horizontal (parallel to ground)
13.919,90.0,88.40,0.00,0,-0.150,34,0,0.0000,2/5,[2/5] arm horizontal (parallel to ground)
13.979,90.0,88.40,0.00,0,-0.190,34,0,0.0000,2/5,[2/5] arm horizontal (parallel to ground)
14.039,90.0,88.40,0.00,0,-0.170,34,0,0.0000,2/5,[2/5] arm horizontal (parallel to ground)
14.099,90.0,88.40,0.00,0,-0.170,34,0,0.0000,2/5,[2/5] arm horizontal (parallel to ground)
14.159,90.0,88.40,0.00,0,-0.160,34,0,0.0000,2/5,[2/5] arm horizontal (parallel to ground)
14.219,90.0,88.40,0.00,0,-0.130,34,0,0.0000,2/5,[2/5] arm horizontal (parallel to ground)
14.279,90.0,88.40,0.00,0,-0.140,34,0,0.0000,2/5,[2/5] arm horizontal (parallel to ground)
14.339,90.0,88.40,0.00,0,-0.150,34,0,0.0000,2/5,[2/5] arm horizontal (parallel to ground)
14.399,90.0,88.40,0.00,0,-0.170,34,0,0.0000,2/5,[2/5] arm horizontal (parallel to ground)
14.459,90.0,88.40,0.00,0,-0.130,34,0,0.0000,2/5,[2/5] arm horizontal (parallel to ground)
14.519,90.0,88.40,0.00,0,-0.150,34,0,0.0000,2/5,[2/5] arm horizontal (parallel to ground)
14.579,90.0,88.40,0.00,0,-0.160,34,0,0.0000,2/5,[2/5] arm horizontal (parallel to ground)
14.639,90.0,88.40,0.00,0,-0.130,34,0,0.0000,2/5,[2/5] arm horizontal (parallel to ground)
14.699,90.0,88.40,0.00,0,-0.200,34,0,0.0000,2/5,[2/5] arm horizontal (parallel to ground)
14.759,90.0,88.40,0.00,0,-0.170,34,0,0.0000,2/5,[2/5] arm horizontal (parallel to ground)
14.819,90.0,88.40,0.00,0,-0.160,34,0,0.0000,2/5,[2/5] arm horizontal (parallel to ground)
14.879,90.0,88.40,0.00,0,-0.180,34,0,0.0000,2/5,[2/5] arm horizontal (parallel to ground)
14.939,90.0,88.40,0.00,0,-0.190,34,0,0.0000,2/5,[2/5] arm horizontal (parallel to ground)
14.999,90.0,88.40,0.00,0,-0.160,34,0,0.0000,2/5,[2/5] arm horizontal (parallel to ground)
15.039,120.0,88.40,0.00,0,-0.190,34,0,0.1269,2/5,[2/5] 30° above horizontal
15.099,120.0,94.70,84.88,1160,0.500,34,0,0.0775,2/5,[2/5] 30° above horizontal
15.159,120.0,99.30,76.63,1020,0.470,34,0,0.0627,2/5,[2/5] 30° above horizontal
15.219,120.0,103.00,54.95,800,0.560,34,0,0.0553,2/5,[2/5] 30° above horizontal
15.279,120.0,106.10,44.71,650,0.270,34,0,0.0467,2/5,[2/5] 30° above horizontal
15.339,120.0,108.60,34.92,530,0.110,34,0,0.0402,2/5,[2/5] 30° above horizontal
15.399,120.0,110.80,34.86,430,0.370,34,0,0.0319,2/5,[2/5] 30° above horizontal
15.459,120.0,112.50,24.97,330,0.250,34,0,0.0284,2/5,[2/5] 30° above horizontal
15.519,120.0,113.90,25.01,340,-0.040,34,0,0.0231,2/5,[2/5] 30° above horizontal
15.579,120.0,115.00,15.00,210,0.340,34,0,0.0220,2/5,[2/5] 30° above horizontal
15.638,120.0,116.00,20.01,230,0.410,34,0,0.0167,2/5,[2/5] 30° above horizontal
15.699,120.0,116.70,9.99,160,0.220,34,0,0.0171,2/5,[2/5] 30° above horizontal
15.759,120.0,117.20,5.01,70,0.170,34,0,0.0167,2/5,[2/5] 30° above horizontal
15.819,120.0,117.80,10.01,140,-0.020,34,0,0.0150,2/5,[2/5] 30° above horizontal
15.878,120.0,118.20,5.01,0,-0.170,34,0,0.0000,2/5,[2/5] 30° above horizontal
15.939,120.0,118.20,0.00,0,-0.180,34,0,0.0000,2/5,[2/5] 30° above horizontal
15.998,120.0,118.20,0.00,0,-0.220,34,0,0.0000,2/5,[2/5] 30° above horizontal
16.059,120.0,118.20,0.00,0,-0.220,34,0,0.0000,2/5,[2/5] 30° above horizontal
16.118,120.0,118.20,0.00,0,-0.240,34,0,0.0000,2/5,[2/5] 30° above horizontal
16.179,120.0,118.20,0.00,0,-0.270,34,0,0.0000,2/5,[2/5] 30° above horizontal
16.239,120.0,118.20,0.00,0,-0.160,34,0,0.0000,2/5,[2/5] 30° above horizontal
16.299,120.0,118.20,0.00,0,-0.270,34,0,0.0000,2/5,[2/5] 30° above horizontal
16.359,120.0,118.20,0.00,0,-0.180,34,0,0.0000,2/5,[2/5] 30° above horizontal
16.418,120.0,118.20,0.00,0,-0.190,34,0,0.0000,2/5,[2/5] 30° above horizontal
16.478,120.0,118.20,0.00,0,-0.180,34,0,0.0000,2/5,[2/5] 30° above horizontal
16.539,120.0,118.20,0.00,0,-0.250,34,0,0.0000,2/5,[2/5] 30° above horizontal
16.598,120.0,118.20,0.00,0,-0.200,34,0,0.0000,2/5,[2/5] 30° above horizontal
16.658,120.0,118.20,0.00,0,-0.200,34,0,0.0000,2/5,[2/5] 30° above horizontal
16.719,120.0,118.20,0.00,0,-0.300,34,0,0.0000,2/5,[2/5] 30° above horizontal
16.778,120.0,118.20,0.00,0,-0.200,34,0,0.0000,2/5,[2/5] 30° above horizontal
16.838,120.0,118.20,0.00,0,-0.180,34,0,0.0000,2/5,[2/5] 30° above horizontal
16.898,120.0,118.20,0.00,0,-0.170,34,0,0.0000,2/5,[2/5] 30° above horizontal
16.958,120.0,118.20,0.00,0,-0.210,34,0,0.0000,2/5,[2/5] 30° above horizontal
17.018,120.0,118.20,0.00,0,-0.190,34,0,0.0000,2/5,[2/5] 30° above horizontal
17.078,120.0,118.20,0.00,0,-0.200,34,0,0.0000,2/5,[2/5] 30° above horizontal
17.138,120.0,118.20,0.00,0,-0.190,34,0,0.0000,2/5,[2/5] 30° above horizontal
17.198,120.0,118.20,0.00,0,-0.190,34,0,0.0000,2/5,[2/5] 30° above horizontal
17.258,120.0,118.20,0.00,0,-0.240,34,0,0.0000,2/5,[2/5] 30° above horizontal
17.318,120.0,118.20,0.00,0,-0.230,34,0,0.0000,2/5,[2/5] 30° above horizontal
17.378,80.0,118.20,0.00,0,-0.190,34,0,-0.1500,2/5,[2/5] 40° drop from peak
17.439,80.0,110.50,-102.44,-1450,0.250,34,0,-0.0935,2/5,[2/5] 40° drop from peak
17.499,80.0,104.80,-82.13,-1200,0.550,34,0,-0.0780,2/5,[2/5] 40° drop from peak
17.558,80.0,100.20,-70.21,-980,0.530,34,0,-0.0642,2/5,[2/5] 40° drop from peak
17.618,80.0,96.40,-60.00,-830,0.470,34,0,-0.0529,2/5,[2/5] 40° drop from peak
17.678,80.0,93.30,-45.02,-630,0.220,34,0,-0.0457,2/5,[2/5] 40° drop from peak
17.738,80.0,90.80,-35.02,-530,0.140,34,0,-0.0393,2/5,[2/5] 40° drop from peak
17.798,80.0,88.70,-30.02,-440,0.340,34,0,-0.0328,2/5,[2/5] 40° drop from peak
17.858,80.0,87.00,-25.05,-360,0.330,34,0,-0.0279,2/5,[2/5] 40° drop from peak
17.918,80.0,85.60,-20.11,-260,-0.080,34,0,-0.0241,2/5,[2/5] 40° drop from peak
17.978,80.0,84.50,-20.03,-280,0.230,34,0,-0.0199,2/5,[2/5] 40° drop from peak
18.038,80.0,83.60,-10.01,-150,0.590,34,0,-0.0195,2/5,[2/5] 40° drop from peak
18.098,80.0,82.90,-15.01,-140,0.500,34,0,-0.0154,2/5,[2/5] 40° drop from peak
18.159,80.0,82.30,-9.97,-120,0.150,34,0,-0.0150,2/5,[2/5] 40° drop from peak
18.218,80.0,81.80,0.00,0,0.200,34,0,0.0000,2/5,[2/5] 40° drop from peak
18.278,80.0,81.80,0.00,0,0.190,34,0,0.0000,2/5,[2/5] 40° drop from peak
18.339,80.0,81.80,0.00,0,0.220,34,0,0.0000,2/5,[2/5] 40° drop from peak
18.399,80.0,81.80,0.00,0,0.220,34,0,0.0000,2/5,[2/5] 40° drop from peak
18.458,80.0,81.80,0.00,0,0.170,34,0,0.0000,2/5,[2/5] 40° drop from peak
18.519,80.0,81.80,0.00,0,0.210,34,0,0.0000,2/5,[2/5] 40° drop from peak
18.579,80.0,81.80,0.00,0,0.200,34,0,0.0000,2/5,[2/5] 40° drop from peak
18.638,80.0,81.80,0.00,0,0.210,34,0,0.0000,2/5,[2/5] 40° drop from peak
18.699,80.0,81.80,0.00,0,0.170,34,0,0.0000,2/5,[2/5] 40° drop from peak
18.759,80.0,81.80,0.00,0,0.220,34,0,0.0000,2/5,[2/5] 40° drop from peak
18.819,80.0,81.80,0.00,0,0.210,34,0,0.0000,2/5,[2/5] 40° drop from peak
18.879,80.0,81.80,0.00,0,0.200,34,0,0.0000,2/5,[2/5] 40° drop from peak
18.939,80.0,81.80,0.00,0,0.220,34,0,0.0000,2/5,[2/5] 40° drop from peak
18.999,80.0,81.80,0.00,0,0.250,34,0,0.0000,2/5,[2/5] 40° drop from peak
19.058,80.0,81.80,0.00,0,0.150,34,0,0.0000,2/5,[2/5] 40° drop from peak
19.118,80.0,81.80,0.00,0,0.170,34,0,0.0000,2/5,[2/5] 40° drop from peak
19.179,80.0,81.80,0.00,0,0.220,34,0,0.0000,2/5,[2/5] 40° drop from peak
19.238,80.0,81.80,0.00,0,0.210,34,0,0.0000,2/5,[2/5] 40° drop from peak
19.299,80.0,81.80,0.00,0,0.170,34,0,0.0000,2/5,[2/5] 40° drop from peak
19.359,80.0,81.80,0.00,0,0.310,34,0,0.0000,2/5,[2/5] 40° drop from peak
19.418,80.0,81.80,0.00,0,0.180,34,0,0.0000,2/5,[2/5] 40° drop from peak
19.478,80.0,81.80,0.00,0,0.190,34,0,0.0000,2/5,[2/5] 40° drop from peak
19.539,80.0,81.80,0.00,0,0.160,34,0,0.0000,2/5,[2/5] 40° drop from peak
19.598,80.0,81.80,0.00,0,0.170,34,0,0.0000,2/5,[2/5] 40° drop from peak
19.658,80.0,81.80,0.00,0,0.200,34,0,0.0000,2/5,[2/5] 40° drop from peak
19.718,80.0,81.80,0.00,0,0.240,34,0,0.0000,2/5,[2/5] 40° drop from peak
19.738,0.0,81.80,0.00,0,0.180,34,0,-0.1500,2/5,[2/5] return home
19.799,0.0,71.80,-178.28,-2490,0.200,34,0,-0.1500,2/5,[2/5] return home
19.859,0.0,61.20,-174.45,-2470,0.370,34,0,-0.1500,2/5,[2/5] return home
19.918,0.0,50.60,-175.30,-2470,0.220,34,0,-0.1500,2/5,[2/5] return home
19.978,0.0,40.40,-160.10,-2230,0.550,34,0,-0.1263,2/5,[2/5] return home
20.039,0.0,32.00,-129.41,-1810,0.560,34,0,-0.1036,2/5,[2/5] return home
20.099,0.0,25.10,-105.05,-1450,0.080,34,0,-0.0846,2/5,[2/5] return home
20.158,0.0,19.60,-85.25,-1170,0.420,34,0,-0.0695,2/5,[2/5] return home
20.218,0.0,15.20,-70.09,-940,0.490,34,0,-0.0573,2/5,[2/5] return home
20.278,0.0,11.70,-55.07,-740,0.230,34,0,-0.0484,2/5,[2/5] return home
20.338,0.0,8.90,-45.18,-620,0.000,34,0,-0.0407,2/5,[2/5] return home
20.398,0.0,6.70,-35.20,-500,0.430,34,0,-0.0352,2/5,[2/5] return home
20.458,0.0,5.00,-25.03,-400,0.110,34,0,-0.0317,2/5,[2/5] return home
20.518,0.0,3.60,-20.05,-270,0.210,34,0,-0.0278,2/5,[2/5] return home
20.578,0.0,2.40,-15.04,-220,0.550,34,0,-0.0246,2/5,[2/5] return home
20.638,0.0,1.70,-5.01,30,-0.260,34,0,0.0000,2/5,[2/5] return home
20.698,0.0,1.80,0.00,0,-0.200,34,0,0.0000,2/5,[2/5] return home
20.758,0.0,1.80,0.00,0,-0.230,34,0,0.0000,2/5,[2/5] return home
20.818,0.0,1.80,0.00,0,-0.170,34,0,0.0000,2/5,[2/5] return home
20.878,0.0,1.80,0.00,0,-0.190,34,0,0.0000,2/5,[2/5] return home
20.938,0.0,1.80,0.00,0,-0.240,34,0,0.0000,2/5,[2/5] return home
20.998,0.0,1.80,0.00,0,-0.200,34,0,0.0000,2/5,[2/5] return home
21.058,0.0,1.80,0.00,0,-0.260,34,0,0.0000,2/5,[2/5] return home
21.118,0.0,1.80,0.00,0,-0.170,34,0,0.0000,2/5,[2/5] return home
21.178,0.0,1.80,0.00,0,-0.190,34,0,0.0000,2/5,[2/5] return home
21.238,0.0,1.80,0.00,0,-0.320,34,0,0.0000,2/5,[2/5] return home
21.298,0.0,1.80,0.00,0,-0.280,34,0,0.0000,2/5,[2/5] return home
21.358,0.0,1.80,0.00,0,-0.230,34,0,0.0000,2/5,[2/5] return home
21.419,0.0,1.80,0.00,0,-0.180,34,0,0.0000,2/5,[2/5] return home
21.479,0.0,1.80,0.00,0,-0.200,34,0,0.0000,2/5,[2/5] return home
21.538,0.0,1.80,0.00,0,-0.150,34,0,0.0000,2/5,[2/5] return home
21.598,0.0,1.80,0.00,0,-0.220,34,0,0.0000,2/5,[2/5] return home
21.658,0.0,1.80,0.00,0,-0.150,34,0,0.0000,2/5,[2/5] return home
21.719,0.0,1.80,0.00,0,-0.180,34,0,0.0000,2/5,[2/5] return home
21.778,0.0,1.80,0.00,0,-0.180,34,0,0.0000,2/5,[2/5] return home
21.838,0.0,1.80,0.00,0,-0.140,34,0,0.0000,2/5,[2/5] return home
21.898,0.0,1.80,0.00,0,-0.280,34,0,0.0000,2/5,[2/5] return home
21.959,0.0,1.80,0.00,0,-0.170,34,0,0.0000,2/5,[2/5] return home
22.018,0.0,1.80,0.00,0,-0.200,34,0,0.0000,2/5,[2/5] return home
22.078,0.0,1.80,0.00,0,-0.180,34,0,0.0000,2/5,[2/5] return home
22.138,0.0,1.80,0.00,0,-0.160,34,0,0.0000,2/5,[2/5] return home
22.158,0.0,1.80,0.00,0,-0.290,34,0,0.0000,3/5,[3/5] home — arm hanging straight down
22.218,0.0,1.80,0.00,0,-0.310,34,0,0.0000,3/5,[3/5] home — arm hanging straight down
22.278,0.0,1.80,0.00,0,-0.170,34,0,0.0000,3/5,[3/5] home — arm hanging straight down
22.338,0.0,1.80,0.00,0,-0.290,34,0,0.0000,3/5,[3/5] home — arm hanging straight down
22.398,0.0,1.80,0.00,0,-0.200,34,0,0.0000,3/5,[3/5] home — arm hanging straight down
22.458,0.0,1.80,0.00,0,-0.180,34,0,0.0000,3/5,[3/5] home — arm hanging straight down
22.518,0.0,1.80,0.00,0,-0.180,34,0,0.0000,3/5,[3/5] home — arm hanging straight down
22.578,0.0,1.80,0.00,0,-0.210,34,0,0.0000,3/5,[3/5] home — arm hanging straight down
22.638,0.0,1.80,0.00,0,-0.190,34,0,0.0000,3/5,[3/5] home — arm hanging straight down
22.698,0.0,1.80,0.00,0,-0.280,34,0,0.0000,3/5,[3/5] home — arm hanging straight down
22.758,0.0,1.80,0.00,0,-0.300,34,0,0.0000,3/5,[3/5] home — arm hanging straight down
22.818,0.0,1.80,0.00,0,-0.280,34,0,0.0000,3/5,[3/5] home — arm hanging straight down
22.878,0.0,1.80,0.00,0,-0.180,34,0,0.0000,3/5,[3/5] home — arm hanging straight down
22.939,0.0,1.80,0.00,0,-0.320,34,0,0.0000,3/5,[3/5] home — arm hanging straight down
22.998,0.0,1.80,0.00,0,-0.160,34,0,0.0000,3/5,[3/5] home — arm hanging straight down
23.058,0.0,1.80,0.00,0,-0.260,34,0,0.0000,3/5,[3/5] home — arm hanging straight down
23.118,0.0,1.80,0.00,0,-0.270,34,0,0.0000,3/5,[3/5] home — arm hanging straight down
23.178,0.0,1.80,0.00,0,-0.270,34,0,0.0000,3/5,[3/5] home — arm hanging straight down
23.239,0.0,1.80,0.00,0,-0.220,34,0,0.0000,3/5,[3/5] home — arm hanging straight down
23.299,0.0,1.80,0.00,0,-0.270,34,0,0.0000,3/5,[3/5] home — arm hanging straight down
23.358,0.0,1.80,0.00,0,-0.170,34,0,0.0000,3/5,[3/5] home — arm hanging straight down
23.418,0.0,1.80,0.00,0,-0.200,34,0,0.0000,3/5,[3/5] home — arm hanging straight down
23.478,0.0,1.80,0.00,0,-0.220,34,0,0.0000,3/5,[3/5] home — arm hanging straight down
23.538,0.0,1.80,0.00,0,-0.310,34,0,0.0000,3/5,[3/5] home — arm hanging straight down
23.598,0.0,1.80,0.00,0,-0.200,34,0,0.0000,3/5,[3/5] home — arm hanging straight down
23.658,0.0,1.80,0.00,0,-0.270,34,0,0.0000,3/5,[3/5] home — arm hanging straight down
23.678,90.0,1.80,0.00,0,-0.210,34,0,0.1500,3/5,[3/5] arm horizontal (parallel to ground)
23.738,90.0,11.80,175.60,2500,0.240,34,0,0.1500,3/5,[3/5] arm horizontal (parallel to ground)
23.798,90.0,22.50,175.03,2490,0.360,34,0,0.1500,3/5,[3/5] arm horizontal (parallel to ground)
23.858,90.0,33.20,180.02,2470,0.340,34,0,0.1500,3/5,[3/5] arm horizontal (parallel to ground)
23.918,90.0,43.80,179.85,2470,0.410,34,0,0.1449,3/5,[3/5] arm horizontal (parallel to ground)
23.978,90.0,53.60,154.76,2110,-0.100,34,0,0.1151,3/5,[3/5] arm horizontal (parallel to ground)
24.038,90.0,61.50,124.96,1690,0.100,34,0,0.0939,3/5,[3/5] arm horizontal (parallel to ground)
24.098,90.0,67.80,99.77,1330,0.340,34,0,0.0775,3/5,[3/5] arm horizontal (parallel to ground)
24.158,90.0,72.70,75.16,1060,0.610,34,0,0.0661,3/5,[3/5] arm horizontal (parallel to ground)
24.218,90.0,76.70,60.02,840,0.450,34,0,0.0554,3/5,[3/5] arm horizontal (parallel to ground)
24.278,90.0,79.90,50.04,670,0.100,34,0,0.0461,3/5,[3/5] arm horizontal (parallel to ground)
24.338,90.0,82.40,40.04,520,0.380,34,0,0.0395,3/5,[3/5] arm horizontal (parallel to ground)
24.398,90.0,84.50,35.73,430,0.230,34,0,0.0327,3/5,[3/5] arm horizontal (parallel to ground)
24.458,90.0,86.00,24.93,370,0.520,34,0,0.0302,3/5,[3/5] arm horizontal (parallel to ground)
24.518,90.0,87.30,20.03,220,0.190,34,0,0.0266,3/5,[3/5] arm horizontal (parallel to ground)
24.578,90.0,88.30,15.02,220,0.030,34,0,0.0000,3/5,[3/5] arm horizontal (parallel to ground)
24.638,90.0,88.40,0.00,0,-0.150,34,0,0.0000,3/5,[3/5] arm horizontal (parallel to ground)
24.699,90.0,88.40,0.00,0,-0.220,34,0,0.0000,3/5,[3/5] arm horizontal (parallel to ground)
24.758,90.0,88.40,0.00,0,-0.140,34,0,0.0000,3/5,[3/5] arm horizontal (parallel to ground)
24.818,90.0,88.40,0.00,0,-0.170,34,0,0.0000,3/5,[3/5] arm horizontal (parallel to ground)
24.878,90.0,88.40,0.00,0,-0.130,34,0,0.0000,3/5,[3/5] arm horizontal (parallel to ground)
24.938,90.0,88.40,0.00,0,-0.220,34,0,0.0000,3/5,[3/5] arm horizontal (parallel to ground)
24.998,90.0,88.40,0.00,0,-0.180,34,0,0.0000,3/5,[3/5] arm horizontal (parallel to ground)
25.058,90.0,88.40,0.00,0,-0.120,34,0,0.0000,3/5,[3/5] arm horizontal (parallel to ground)
25.118,90.0,88.40,0.00,0,-0.140,34,0,0.0000,3/5,[3/5] arm horizontal (parallel to ground)
25.178,90.0,88.40,0.00,0,-0.190,34,0,0.0000,3/5,[3/5] arm horizontal (parallel to ground)
25.238,90.0,88.40,0.00,0,-0.180,34,0,0.0000,3/5,[3/5] arm horizontal (parallel to ground)
25.299,90.0,88.40,0.00,0,-0.170,34,0,0.0000,3/5,[3/5] arm horizontal (parallel to ground)
25.358,90.0,88.40,0.00,0,-0.190,34,0,0.0000,3/5,[3/5] arm horizontal (parallel to ground)
25.419,90.0,88.40,0.00,0,-0.150,34,0,0.0000,3/5,[3/5] arm horizontal (parallel to ground)
25.479,90.0,88.40,0.00,0,-0.150,34,0,0.0000,3/5,[3/5] arm horizontal (parallel to ground)
25.539,90.0,88.40,0.00,0,-0.160,34,0,0.0000,3/5,[3/5] arm horizontal (parallel to ground)
25.599,90.0,88.40,0.00,0,-0.140,34,0,0.0000,3/5,[3/5] arm horizontal (parallel to ground)
25.659,90.0,88.40,0.00,0,-0.190,34,0,0.0000,3/5,[3/5] arm horizontal (parallel to ground)
25.719,90.0,88.40,0.00,0,-0.180,34,0,0.0000,3/5,[3/5] arm horizontal (parallel to ground)
25.778,90.0,88.40,0.00,0,-0.160,34,0,0.0000,3/5,[3/5] arm horizontal (parallel to ground)
25.839,90.0,88.40,0.00,0,-0.170,34,0,0.0000,3/5,[3/5] arm horizontal (parallel to ground)
25.898,90.0,88.40,0.00,0,-0.190,34,0,0.0000,3/5,[3/5] arm horizontal (parallel to ground)
25.959,90.0,88.40,0.00,0,-0.210,34,0,0.0000,3/5,[3/5] arm horizontal (parallel to ground)
26.019,90.0,88.40,0.00,0,-0.150,34,0,0.0000,3/5,[3/5] arm horizontal (parallel to ground)
26.078,90.0,88.40,0.00,0,-0.170,34,0,0.0000,3/5,[3/5] arm horizontal (parallel to ground)
26.098,120.0,88.40,0.00,0,-0.140,34,0,0.1269,3/5,[3/5] 30° above horizontal
26.160,120.0,94.60,79.79,1170,0.480,34,0,0.0795,3/5,[3/5] 30° above horizontal
26.219,120.0,99.30,73.33,1000,0.400,34,0,0.0637,3/5,[3/5] 30° above horizontal
26.278,120.0,103.00,60.06,820,0.540,34,0,0.0537,3/5,[3/5] 30° above horizontal
26.339,120.0,106.10,43.98,660,0.270,34,0,0.0469,3/5,[3/5] 30° above horizontal
26.398,120.0,108.70,40.01,530,0.060,34,0,0.0382,3/5,[3/5] 30° above horizontal
26.458,120.0,110.70,30.07,440,0.400,34,0,0.0337,3/5,[3/5] 30° above horizontal
26.519,120.0,112.50,25.17,320,0.260,34,0,0.0284,3/5,[3/5] 30° above horizontal
26.579,120.0,113.90,24.88,340,-0.050,34,0,0.0232,3/5,[3/5] 30° above horizontal
26.639,120.0,114.90,9.75,210,0.440,34,0,0.0240,3/5,[3/5] 30° above horizontal
26.699,120.0,116.00,20.03,220,0.430,34,0,0.0167,3/5,[3/5] 30° above horizontal
26.759,120.0,116.70,10.38,150,0.170,34,0,0.0170,3/5,[3/5] 30° above horizontal
26.820,120.0,117.20,4.68,80,0.160,34,0,0.0168,3/5,[3/5] 30° above horizontal
26.879,120.0,117.80,14.80,160,-0.080,34,0,0.0150,3/5,[3/5] 30° above horizontal
26.938,120.0,118.30,9.99,130,0.000,34,0,0.0000,3/5,[3/5] 30° above horizontal
26.999,120.0,118.30,0.00,0,-0.210,34,0,0.0000,3/5,[3/5] 30° above horizontal
27.059,120.0,118.30,0.00,0,-0.190,34,0,0.0000,3/5,[3/5] 30° above horizontal
27.120,120.0,118.30,0.00,0,-0.160,34,0,0.0000,3/5,[3/5] 30° above horizontal
27.180,120.0,118.30,0.00,0,-0.210,34,0,0.0000,3/5,[3/5] 30° above horizontal
27.240,120.0,118.30,0.00,0,-0.170,34,0,0.0000,3/5,[3/5] 30° above horizontal
27.301,120.0,118.30,0.00,0,-0.170,34,0,0.0000,3/5,[3/5] 30° above horizontal
27.361,120.0,118.30,0.00,0,-0.160,34,0,0.0000,3/5,[3/5] 30° above horizontal
27.421,120.0,118.30,0.00,0,-0.190,34,0,0.0000,3/5,[3/5] 30° above horizontal
27.481,120.0,118.30,0.00,0,-0.140,35,0,0.0000,3/5,[3/5] 30° above horizontal
27.542,120.0,118.30,0.00,0,-0.180,34,0,0.0000,3/5,[3/5] 30° above horizontal
27.602,120.0,118.30,0.00,0,-0.160,34,0,0.0000,3/5,[3/5] 30° above horizontal
27.663,120.0,118.30,0.00,0,-0.160,34,0,0.0000,3/5,[3/5] 30° above horizontal
27.723,120.0,118.30,0.00,0,-0.180,35,0,0.0000,3/5,[3/5] 30° above horizontal
27.783,120.0,118.30,0.00,0,-0.180,35,0,0.0000,3/5,[3/5] 30° above horizontal
27.844,120.0,118.30,0.00,0,-0.220,35,0,0.0000,3/5,[3/5] 30° above horizontal
27.904,120.0,118.30,0.00,0,-0.150,35,0,0.0000,3/5,[3/5] 30° above horizontal
27.964,120.0,118.30,0.00,0,-0.170,35,0,0.0000,3/5,[3/5] 30° above horizontal
28.026,120.0,118.30,0.00,0,-0.200,35,0,0.0000,3/5,[3/5] 30° above horizontal
28.085,120.0,118.30,0.00,0,-0.170,35,0,0.0000,3/5,[3/5] 30° above horizontal
28.145,120.0,118.30,0.00,0,-0.200,35,0,0.0000,3/5,[3/5] 30° above horizontal
28.206,120.0,118.30,0.00,0,-0.170,35,0,0.0000,3/5,[3/5] 30° above horizontal
28.266,120.0,118.30,0.00,0,-0.160,35,0,0.0000,3/5,[3/5] 30° above horizontal
28.326,120.0,118.30,0.00,0,-0.260,35,0,0.0000,3/5,[3/5] 30° above horizontal
28.387,120.0,118.30,0.00,0,-0.170,35,0,0.0000,3/5,[3/5] 30° above horizontal
28.438,80.0,118.30,0.00,0,-0.150,35,0,-0.1500,3/5,[3/5] 40° drop from peak
28.498,80.0,110.80,-135.68,-1790,-0.100,35,0,-0.0847,3/5,[3/5] 40° drop from peak
28.558,80.0,105.20,-89.78,-1300,0.500,35,0,-0.0774,3/5,[3/5] 40° drop from peak
28.619,80.0,100.40,-68.76,-1000,0.570,34,0,-0.0656,3/5,[3/5] 40° drop from peak
28.678,80.0,96.40,-59.88,-830,0.510,34,0,-0.0531,3/5,[3/5] 40° drop from peak
28.738,80.0,93.30,-49.81,-680,0.190,34,0,-0.0444,3/5,[3/5] 40° drop from peak
28.798,80.0,90.70,-35.01,-550,0.030,35,0,-0.0390,3/5,[3/5] 40° drop from peak
28.859,80.0,88.50,-34.88,-450,0.360,35,0,-0.0306,3/5,[3/5] 40° drop from peak
28.918,80.0,86.80,-30.09,-390,0.200,35,0,-0.0256,3/5,[3/5] 40° drop from peak
28.978,80.0,85.50,-14.97,-250,0.000,35,0,-0.0253,3/5,[3/5] 40° drop from peak
29.039,80.0,84.30,-20.01,-280,0.280,35,0,-0.0192,3/5,[3/5] 40° drop from peak
29.099,80.0,83.50,-9.97,-140,0.620,35,0,-0.0192,3/5,[3/5] 40° drop from peak
29.158,80.0,82.80,-10.00,-170,0.260,35,0,-0.0165,3/5,[3/5] 40° drop from peak
29.218,80.0,82.20,-10.00,-140,0.010,35,0,-0.0150,3/5,[3/5] 40° drop from peak
29.278,80.0,81.70,0.00,0,0.170,35,0,0.0000,3/5,[3/5] 40° drop from peak
29.338,80.0,81.70,0.00,0,0.210,35,0,0.0000,3/5,[3/5] 40° drop from peak
29.399,80.0,81.70,0.00,0,0.210,35,0,0.0000,3/5,[3/5] 40° drop from peak
29.458,80.0,81.70,0.00,0,0.250,35,0,0.0000,3/5,[3/5] 40° drop from peak
29.518,80.0,81.70,0.00,0,0.270,35,0,0.0000,3/5,[3/5] 40° drop from peak
29.584,80.0,81.70,0.00,0,0.180,35,0,0.0000,3/5,[3/5] 40° drop from peak
29.638,80.0,81.70,0.00,0,0.260,35,0,0.0000,3/5,[3/5] 40° drop from peak
29.698,80.0,81.70,0.00,0,0.210,35,0,0.0000,3/5,[3/5] 40° drop from peak
29.758,80.0,81.70,0.00,0,0.230,35,0,0.0000,3/5,[3/5] 40° drop from peak
29.818,80.0,81.70,0.00,0,0.190,35,0,0.0000,3/5,[3/5] 40° drop from peak
29.878,80.0,81.70,0.00,0,0.190,35,0,0.0000,3/5,[3/5] 40° drop from peak
29.938,80.0,81.70,0.00,0,0.220,35,0,0.0000,3/5,[3/5] 40° drop from peak
29.999,80.0,81.70,0.00,0,0.200,35,0,0.0000,3/5,[3/5] 40° drop from peak
30.059,80.0,81.70,0.00,0,0.170,35,0,0.0000,3/5,[3/5] 40° drop from peak
30.120,80.0,81.70,0.00,0,0.190,35,0,0.0000,3/5,[3/5] 40° drop from peak
30.180,80.0,81.70,0.00,0,0.170,35,0,0.0000,3/5,[3/5] 40° drop from peak
30.241,80.0,81.70,0.00,0,0.200,35,0,0.0000,3/5,[3/5] 40° drop from peak
30.300,80.0,81.70,0.00,0,0.190,35,0,0.0000,3/5,[3/5] 40° drop from peak
30.361,80.0,81.70,0.00,0,0.230,35,0,0.0000,3/5,[3/5] 40° drop from peak
30.421,80.0,81.70,0.00,0,0.210,35,0,0.0000,3/5,[3/5] 40° drop from peak
30.481,80.0,81.70,0.00,0,0.140,35,0,0.0000,3/5,[3/5] 40° drop from peak
30.541,80.0,81.70,0.00,0,0.210,35,0,0.0000,3/5,[3/5] 40° drop from peak
30.602,80.0,81.70,0.00,0,0.160,35,0,0.0000,3/5,[3/5] 40° drop from peak
30.662,80.0,81.70,0.00,0,0.190,35,0,0.0000,3/5,[3/5] 40° drop from peak
30.722,80.0,81.70,0.00,0,0.180,35,0,0.0000,3/5,[3/5] 40° drop from peak
30.758,0.0,81.70,0.00,0,0.230,35,0,-0.1500,3/5,[3/5] return home
30.818,0.0,72.40,-179.27,-2490,-0.020,35,0,-0.1500,3/5,[3/5] return home
30.878,0.0,61.80,-174.45,-2460,0.490,35,0,-0.1500,3/5,[3/5] return home
30.938,0.0,51.20,-179.28,-2470,0.030,35,0,-0.1500,3/5,[3/5] return home
30.998,0.0,40.90,-164.86,-2310,0.450,35,0,-0.1270,3/5,[3/5] return home
31.058,0.0,32.30,-129.85,-1830,0.540,35,0,-0.1048,3/5,[3/5] return home
31.118,0.0,25.30,-104.95,-1470,0.020,35,0,-0.0856,3/5,[3/5] return home
31.178,0.0,19.70,-84.43,-1180,0.450,35,0,-0.0703,3/5,[3/5] return home
31.238,0.0,15.20,-70.24,-940,0.420,35,0,-0.0574,3/5,[3/5] return home
31.299,0.0,11.70,-54.03,-760,0.240,35,0,-0.0489,3/5,[3/5] return home
31.358,0.0,8.80,-49.90,-630,-0.010,35,0,-0.0390,3/5,[3/5] return home
31.418,0.0,6.60,-40.06,-520,0.530,35,0,-0.0335,3/5,[3/5] return home
31.478,0.0,4.90,-30.11,-410,0.080,35,0,-0.0299,3/5,[3/5] return home
31.538,0.0,3.50,-20.10,-270,0.160,35,0,-0.0275,3/5,[3/5] return home
31.598,0.0,2.30,-14.95,-210,0.570,35,0,-0.0244,3/5,[3/5] return home
31.658,0.0,1.60,-5.01,0,-0.320,35,0,0.0000,3/5,[3/5] return home
31.718,0.0,1.60,0.00,0,-0.160,35,0,0.0000,3/5,[3/5] return home
31.778,0.0,1.60,0.00,0,-0.190,35,0,0.0000,3/5,[3/5] return home
31.838,0.0,1.60,0.00,0,-0.210,35,0,0.0000,3/5,[3/5] return home
31.898,0.0,1.60,0.00,0,-0.210,35,0,0.0000,3/5,[3/5] return home
31.958,0.0,1.60,0.00,0,-0.260,35,0,0.0000,3/5,[3/5] return home
32.018,0.0,1.60,0.00,0,-0.180,35,0,0.0000,3/5,[3/5] return home
32.078,0.0,1.60,0.00,0,-0.200,35,0,0.0000,3/5,[3/5] return home
32.138,0.0,1.60,0.00,0,-0.200,35,0,0.0000,3/5,[3/5] return home
32.198,0.0,1.60,0.00,0,-0.170,35,0,0.0000,3/5,[3/5] return home
32.258,0.0,1.60,0.00,0,-0.140,35,0,0.0000,3/5,[3/5] return home
32.318,0.0,1.60,0.00,0,-0.250,35,0,0.0000,3/5,[3/5] return home
32.378,0.0,1.60,0.00,0,-0.200,35,0,0.0000,3/5,[3/5] return home
32.438,0.0,1.60,0.00,0,-0.180,35,0,0.0000,3/5,[3/5] return home
32.498,0.0,1.60,0.00,0,-0.180,35,0,0.0000,3/5,[3/5] return home
32.558,0.0,1.60,0.00,0,-0.200,35,0,0.0000,3/5,[3/5] return home
32.618,0.0,1.60,0.00,0,-0.270,35,0,0.0000,3/5,[3/5] return home
32.678,0.0,1.60,0.00,0,-0.140,35,0,0.0000,3/5,[3/5] return home
32.738,0.0,1.60,0.00,0,-0.150,35,0,0.0000,3/5,[3/5] return home
32.798,0.0,1.60,0.00,0,-0.230,35,0,0.0000,3/5,[3/5] return home
32.858,0.0,1.60,0.00,0,-0.190,35,0,0.0000,3/5,[3/5] return home
32.918,0.0,1.60,0.00,0,-0.230,35,0,0.0000,3/5,[3/5] return home
32.978,0.0,1.60,0.00,0,-0.230,35,0,0.0000,3/5,[3/5] return home
33.038,0.0,1.60,0.00,0,-0.210,35,0,0.0000,3/5,[3/5] return home
33.098,0.0,1.60,0.00,0,-0.200,35,0,0.0000,3/5,[3/5] return home
33.158,0.0,1.60,0.00,0,-0.170,35,0,0.0000,4/5,[4/5] home — arm hanging straight down
33.218,0.0,1.60,0.00,0,-0.160,35,0,0.0000,4/5,[4/5] home — arm hanging straight down
33.278,0.0,1.60,0.00,0,-0.130,35,0,0.0000,4/5,[4/5] home — arm hanging straight down
33.338,0.0,1.60,0.00,0,-0.190,35,0,0.0000,4/5,[4/5] home — arm hanging straight down
33.398,0.0,1.60,0.00,0,-0.180,35,0,0.0000,4/5,[4/5] home — arm hanging straight down
33.458,0.0,1.60,0.00,0,-0.190,35,0,0.0000,4/5,[4/5] home — arm hanging straight down
33.518,0.0,1.60,0.00,0,-0.170,35,0,0.0000,4/5,[4/5] home — arm hanging straight down
33.579,0.0,1.60,0.00,0,-0.260,35,0,0.0000,4/5,[4/5] home — arm hanging straight down
33.638,0.0,1.60,0.00,0,-0.160,35,0,0.0000,4/5,[4/5] home — arm hanging straight down
33.699,0.0,1.60,0.00,0,-0.190,35,0,0.0000,4/5,[4/5] home — arm hanging straight down
33.758,0.0,1.60,0.00,0,-0.320,35,0,0.0000,4/5,[4/5] home — arm hanging straight down
33.819,0.0,1.60,0.00,0,-0.250,35,0,0.0000,4/5,[4/5] home — arm hanging straight down
33.879,0.0,1.60,0.00,0,-0.180,35,0,0.0000,4/5,[4/5] home — arm hanging straight down
33.939,0.0,1.60,0.00,0,-0.150,35,0,0.0000,4/5,[4/5] home — arm hanging straight down
33.998,0.0,1.60,0.00,0,-0.140,35,0,0.0000,4/5,[4/5] home — arm hanging straight down
34.058,0.0,1.60,0.00,0,-0.150,35,0,0.0000,4/5,[4/5] home — arm hanging straight down
34.119,0.0,1.60,0.00,0,-0.160,35,0,0.0000,4/5,[4/5] home — arm hanging straight down
34.178,0.0,1.60,0.00,0,-0.290,35,0,0.0000,4/5,[4/5] home — arm hanging straight down
34.238,0.0,1.60,0.00,0,-0.270,35,0,0.0000,4/5,[4/5] home — arm hanging straight down
34.298,0.0,1.60,0.00,0,-0.170,35,0,0.0000,4/5,[4/5] home — arm hanging straight down
34.358,0.0,1.60,0.00,0,-0.130,35,0,0.0000,4/5,[4/5] home — arm hanging straight down
34.418,0.0,1.60,0.00,0,-0.160,35,0,0.0000,4/5,[4/5] home — arm hanging straight down
34.478,0.0,1.60,0.00,0,-0.210,35,0,0.0000,4/5,[4/5] home — arm hanging straight down
34.538,0.0,1.60,0.00,0,-0.130,35,0,0.0000,4/5,[4/5] home — arm hanging straight down
34.598,0.0,1.60,0.00,0,-0.300,35,0,0.0000,4/5,[4/5] home — arm hanging straight down
34.658,0.0,1.60,0.00,0,-0.160,35,0,0.0000,4/5,[4/5] home — arm hanging straight down
34.678,90.0,1.60,0.00,0,-0.180,35,0,0.1500,4/5,[4/5] arm horizontal (parallel to ground)
34.738,90.0,11.70,182.42,2500,0.220,35,0,0.1500,4/5,[4/5] arm horizontal (parallel to ground)
34.798,90.0,22.40,179.77,2490,0.430,35,0,0.1500,4/5,[4/5] arm horizontal (parallel to ground)
34.858,90.0,33.00,175.48,2470,0.300,35,0,0.1500,4/5,[4/5] arm horizontal (parallel to ground)
34.918,90.0,43.60,175.50,2470,0.410,35,0,0.1470,4/5,[4/5] arm horizontal (parallel to ground)
34.978,90.0,53.50,155.23,2110,0.000,35,0,0.1154,4/5,[4/5] arm horizontal (parallel to ground)
35.038,90.0,61.40,120.20,1680,0.130,35,0,0.0958,4/5,[4/5] arm horizontal (parallel to ground)
35.098,90.0,67.70,95.19,1330,0.380,35,0,0.0793,4/5,[4/5] arm horizontal (parallel to ground)
35.158,90.0,72.70,75.05,1050,0.640,35,0,0.0662,4/5,[4/5] arm horizontal (parallel to ground)
35.218,90.0,76.70,59.37,840,0.610,35,0,0.0556,4/5,[4/5] arm horizontal (parallel to ground)
35.278,90.0,79.90,50.30,670,0.130,35,0,0.0461,4/5,[4/5] arm horizontal (parallel to ground)
35.338,90.0,82.40,40.04,520,0.390,35,0,0.0395,4/5,[4/5] arm horizontal (parallel to ground)
35.398,90.0,84.50,34.87,430,0.260,35,0,0.0330,4/5,[4/5] arm horizontal (parallel to ground)
35.458,90.0,86.00,25.04,370,0.540,35,0,0.0302,4/5,[4/5] arm horizontal (parallel to ground)
35.518,90.0,87.30,20.09,230,0.210,35,0,0.0266,4/5,[4/5] arm horizontal (parallel to ground)
35.578,90.0,88.30,14.99,220,0.060,35,0,0.0000,4/5,[4/5] arm horizontal (parallel to ground)
35.638,90.0,88.40,0.00,0,-0.160,35,0,0.0000,4/5,[4/5] arm horizontal (parallel to ground)
35.698,90.0,88.40,0.00,0,-0.180,35,0,0.0000,4/5,[4/5] arm horizontal (parallel to ground)
35.758,90.0,88.40,0.00,0,-0.130,35,0,0.0000,4/5,[4/5] arm horizontal (parallel to ground)
35.818,90.0,88.40,0.00,0,-0.140,35,0,0.0000,4/5,[4/5] arm horizontal (parallel to ground)
35.878,90.0,88.40,0.00,0,-0.180,35,0,0.0000,4/5,[4/5] arm horizontal (parallel to ground)
35.938,90.0,88.40,0.00,0,-0.150,35,0,0.0000,4/5,[4/5] arm horizontal (parallel to ground)
35.998,90.0,88.40,0.00,0,-0.150,35,0,0.0000,4/5,[4/5] arm horizontal (parallel to ground)
36.058,90.0,88.40,0.00,0,-0.150,35,0,0.0000,4/5,[4/5] arm horizontal (parallel to ground)
36.118,90.0,88.40,0.00,0,-0.140,35,0,0.0000,4/5,[4/5] arm horizontal (parallel to ground)
36.178,90.0,88.40,0.00,0,-0.140,35,0,0.0000,4/5,[4/5] arm horizontal (parallel to ground)
36.238,90.0,88.40,0.00,0,-0.190,35,0,0.0000,4/5,[4/5] arm horizontal (parallel to ground)
36.299,90.0,88.40,0.00,0,-0.210,35,0,0.0000,4/5,[4/5] arm horizontal (parallel to ground)
36.359,90.0,88.40,0.00,0,-0.130,35,0,0.0000,4/5,[4/5] arm horizontal (parallel to ground)
36.418,90.0,88.40,0.00,0,-0.170,35,0,0.0000,4/5,[4/5] arm horizontal (parallel to ground)
36.478,90.0,88.40,0.00,0,-0.170,35,0,0.0000,4/5,[4/5] arm horizontal (parallel to ground)
36.538,90.0,88.40,0.00,0,-0.170,35,0,0.0000,4/5,[4/5] arm horizontal (parallel to ground)
36.558,0.0,88.40,0.00,0,-0.150,35,0,-0.1500,,abort-return-home
36.618,0.0,79.90,-180.10,-2510,0.380,35,0,-0.1500,,abort-return-home
36.678,0.0,69.20,-180.38,-2470,0.190,35,0,-0.1500,,abort-return-home
36.738,0.0,58.60,-180.21,-2470,0.450,35,0,-0.1500,,abort-return-home
36.798,0.0,48.00,-180.14,-2450,0.260,35,0,-0.1500,,abort-return-home
36.858,0.0,37.80,-165.36,-2240,0.000,35,0,-0.1179,,abort-return-home
36.918,0.0,29.50,-130.11,-1780,0.000,35,0,-0.0969,,abort-return-home
36.978,0.0,22.80,-105.20,-1420,0.340,35,0,-0.0787,,abort-return-home
37.038,0.0,17.50,-80.22,-1120,-0.080,35,0,-0.0659,,abort-return-home
37.098,0.0,13.30,-65.09,-900,0.000,35,0,-0.0544,,abort-return-home
37.158,0.0,10.00,-50.02,-690,0.390,35,0,-0.0462,,abort-return-home
37.218,0.0,7.40,-40.12,-550,0.290,35,0,-0.0392,,abort-return-home
37.278,0.0,5.30,-30.00,-430,0.270,35,0,-0.0341,,abort-return-home
37.338,0.0,3.60,-25.03,-320,0.160,35,0,-0.0290,,abort-return-home
37.398,0.0,2.30,-20.06,-280,0.540,35,0,-0.0254,,abort-return-home
37.458,0.0,1.70,5.01,10,-0.180,35,0,0.0000,,abort-return-home
37.518,0.0,1.70,0.00,0,-0.170,35,0,0.0000,,abort-return-home
37.578,0.0,1.70,0.00,0,-0.180,35,0,0.0000,,abort-return-home
37.638,0.0,1.70,0.00,0,-0.230,35,0,0.0000,,abort-return-home
37.698,0.0,1.70,0.00,0,-0.260,35,0,0.0000,,abort-return-home
37.758,0.0,1.70,0.00,0,-0.200,35,0,0.0000,,abort-return-home
37.818,0.0,1.70,0.00,0,-0.190,35,0,0.0000,,abort-return-home
37.878,0.0,1.70,0.00,0,-0.240,35,0,0.0000,,abort-return-home
37.938,0.0,1.70,0.00,0,-0.190,35,0,0.0000,,abort-return-home
37.998,0.0,1.70,0.00,0,-0.270,35,0,0.0000,,abort-return-home
38.058,0.0,1.70,0.00,0,-0.200,35,0,0.0000,,abort-return-home
38.118,0.0,1.70,0.00,0,-0.160,35,0,0.0000,,abort-return-home
38.178,0.0,1.70,0.00,0,-0.160,35,0,0.0000,,abort-return-home
38.238,0.0,1.70,0.00,0,-0.270,35,0,0.0000,,abort-return-home
38.298,0.0,1.70,0.00,0,-0.280,35,0,0.0000,,abort-return-home
38.358,0.0,1.70,0.00,0,-0.240,35,0,0.0000,,abort-return-home
38.418,0.0,1.70,0.00,0,-0.190,35,0,0.0000,,abort-return-home
38.478,0.0,1.70,0.00,0,-0.210,35,0,0.0000,,abort-return-home
38.538,0.0,1.70,0.00,0,-0.190,35,0,0.0000,,abort-return-home
38.598,0.0,1.70,0.00,0,-0.200,35,0,0.0000,,abort-return-home
38.658,0.0,1.70,0.00,0,-0.170,35,0,0.0000,,abort-return-home
38.718,0.0,1.70,0.00,0,-0.120,35,0,0.0000,,abort-return-home
38.778,0.0,1.70,0.00,0,-0.230,35,0,0.0000,,abort-return-home
38.838,0.0,1.70,0.00,0,-0.250,35,0,0.0000,,abort-return-home
38.898,0.0,1.70,0.00,0,-0.270,35,0,0.0000,,abort-return-home
